﻿[
  {
    "Type": "Plugin",
    "SupportedVersion": "4.60",
    "DirectoryPath": "NopChat/nopCommerce-4.60/Customers.NopChat/",
    "SystemName": "Customers.NopChat",
    "SourceDirectoryPath": "NopChat/nopCommerce-4.60/Nop.Plugin.Customers.NopChat/"
  },
  {
    "Type": "Plugin",
    "SupportedVersion": "4.50.4",
    "DirectoryPath": "NopChat/nopCommerce-4.50.4/Customers.NopChat/",
    "SystemName": "Customers.NopChat",
    "SourceDirectoryPath": "NopChat/nopCommerce-4.50.4/Nop.Plugin.Customers.NopChat/"
  }
]